"Date","Location","Tweet","Hashtags","Retweets","Likes","sentiment","prob","negative","positive"
2020-01-01,"Brisbane, Australia","plying to @ironorehopper Interesting, further comment that a coronavirus genetic segment was detected. Seems like something corona'y might be there",nan,0,0,positive,2.2811924693525754,-2.5510965233273737,-0.26990405397479833
2020-01-01,Edinburgh,"Doesnâ€™t help that there the term SARS now seems to refer to any coronavirus (i.e., this ProMedMail report  https://promedmail.org/promed-post/?id=6864153Â â€¦ - â€œSARS virus is one of the main pathogens of the common cold in adultsâ€).",nan,1,5,negative,-8.138491318271065,-0.005110637508295213,-8.14360195577936
2020-01-01,"Glenwood Springs, America","One thing seems clear, though: this is a coronavirus, which can spread through the air(same family as the flu), rather than a filovirus like ebolaviridae which can't, so in a busy city like Wuhan in the middle of China, things could move faster than HK.",nan,0,0,negative,-7.936720092644293,-0.005876232388231983,-7.942596325032525
2020-01-01,nan,Anyone know if there is a specific word for SARS vs Coronavirus that google translate has issues with? Wondering if there are non-Chinese speaking translation issues we are being skewed by.,nan,0,1,negative,-3.5853670898314363,-0.11544609920863991,-3.700813189040076
2020-01-01,nan,Houda nahi lauda hota h ðŸ¤£ðŸ¤£ðŸ¤£saale khul ke samne aao kya kya hizde jaise baat krte,nan,0,0,positive,3.7652632371799086,-3.8676435529590947,-0.10238031577918605
2020-01-01,nan,8-10 cr,nan,0,0,positive,0.847342543045805,-1.4850061989872394,-0.6376636559414344
2020-01-01,nan,Bhai government ne bahot kuch kiya h  Merr hisab se bs kuchh kaam pe dhyaan de inka v muh chup ho jayega last time jaisa Like gdp jobs,nan,0,1,negative,-4.0685013428777665,-0.08352214028991511,-4.152023483167682
2020-01-01,nan,Ab tak to mil hi rha tha na,nan,0,2,negative,-0.29801167102340287,-0.8586754055566246,-1.1566870765800275
2020-01-01,è¿‘ã€…è»¢ç”Ÿâž­ç‹¬æ–­ã¨åè¦‹ã§ä»²è‰¯ã„å¥´ã ã‘åž¢æ•™ãˆã‚‹,ã¾ãŸã®Twitter(ã½ã‚„),nan,0,0,positive,0.5675365912923853,-1.3114978273552609,-0.7439612360628756
2020-01-01,è‹±å›½ï¼Œä¼¦æ•¦,"7 cases of acute pneumonia in Wuhan, China, confirmed as viral pneumonia, but not confirmed as SARS.  SARS is severe acute respiratory syndrome and is caused by a coronavirus. Initial muscle pain, headache, and fever, then respiratory symptoms, cough, dyspnea, and pneumonia.  pic.twitter.com/zTs1Y3sNmx",nan,0,0,negative,-29.0159994660832,-2.657600361999357e-09,-29.0159994687408
2020-01-01,Australian in DC & NYC,"Here is the purported lab report shared on Weibo. My on the fly, not a medical translator, translation:  Detected results with high confidence:  SARS [like?] coronavirus, Pseudomonas aeruginosa, 46 species of oral/respiratory colonization bacteria. (2/4)  pic.twitter.com/Xe2JkufKeE",nan,14,17,negative,-10.950553284314367,-0.0007288192390433323,-10.95128210355341
2020-01-01,Rotterdam,"True statement:  ""There are many potential causes of viral pneumonia, many of which are more common than severe acute respiratory syndrome coronavirusâ€.   IF common viral ethology, by the time people have pneumonia, depending on test used the primary ethology may not be detected",nan,1,5,negative,-7.330385770131414,-0.008936403814146843,-7.339322173945561
2020-01-01,è¿‘ã€…è»¢ç”Ÿâž­ç‹¬æ–­ã¨åè¦‹ã§ä»²è‰¯ã„å¥´ã ã‘åž¢æ•™ãˆã‚‹,ãŠã€ã‚°ãƒ«ãƒ¡ãƒ¬ãƒ¼ã‚¹æµã https://cas.st/22eda3c5Â ,nan,0,0,positive,0.0006543646776527856,-1.0003272194389339,-0.9996728547612811
2020-01-01,è¿‘ã€…è»¢ç”Ÿâž­ç‹¬æ–­ã¨åè¦‹ã§ä»²è‰¯ã„å¥´ã ã‘åž¢æ•™ãˆã‚‹,ï¼¤ï¼ªãƒ‘ãƒãƒ‘ãƒã¾ã‚“  https://cas.st/22eda3c5Â ,nan,0,0,positive,0.0006543646776527856,-1.0003272194389339,-0.9996728547612811
2020-01-01,nan,New Post: @WHO | Middle East respiratory syndrome coronavirus [now the maths wâ€¦  https://hosperity.com/who-middle-east-respiratory-syndrome-coronavirus-mers-cov-now-the-maths-wÂ â€¦ @WHO | Middle East respir,'#mers',0,0,negative,-1.2929089103871831,-0.49377775550942715,-1.7866866658966103
2020-01-01,è¿‘ã€…è»¢ç”Ÿâž­ç‹¬æ–­ã¨åè¦‹ã§ä»²è‰¯ã„å¥´ã ã‘åž¢æ•™ãˆã‚‹,(ã€ãƒ»Ï‰ãƒ»)ã€ã†ãƒ¼ï¼  (ï¼ãƒ»Ï‰ãƒ»)ï¼ã«ã‚ƒãƒ¼ï¼   https://cas.st/22eda3c5Â ,nan,0,0,positive,0.0006543646776527856,-1.0003272194389339,-0.9996728547612811
2020-01-01,è¿‘ã€…è»¢ç”Ÿâž­ç‹¬æ–­ã¨åè¦‹ã§ä»²è‰¯ã„å¥´ã ã‘åž¢æ•™ãˆã‚‹, https://cas.st/22eda3c5Â ,'#è£ã‚¢ã‚«å¥³å­',0,0,positive,0.0006543646776527856,-1.0003272194389339,-0.9996728547612811
2020-01-01,"Cambridge, England","The decade starts with a new Coronavirus outbreak it seems... @MattFrieman do they know if SARS corona or another one?  Substantial  cases, so transmissibility seems higher than for MERS? Letâ€™s hope itâ€™s not SARS-like https://twitter.com/florian_krammer/status/1212245689679405060Â â€¦",nan,2,3,negative,-0.5686635770373698,-0.7435072767330837,-1.3121708537704535
2020-01-01,nan,Bateu na trave kkkkkkkkk,nan,0,2,positive,0.3601741663193394,-1.1912978664732918,-0.8311237001539524
2020-01-01,nan,Coronavirus doesnâ€™t have to mean SARS. Any report that is actually â€œSARSâ€ and not another human Coronavirus?,nan,0,1,negative,-5.488602745198932,-0.0317795974573869,-5.520382342656319
2020-01-01,Mount Everest,å¤§æ„šå¼±æ™º,nan,0,2,positive,0.0006543646776527856,-1.0003272194389339,-0.9996728547612811
2020-01-01,BCN-Catalunya,"Simply...si no Ã©s NO hi ha Aniria bÃ©, perÃ², saber QUIN Ã©s l'agent causal de pneumonia severa virica en vora 30 persones a Wuhan, Xina. https://twitter.com/Laurie_Garrett/status/1212259713225838592Â â€¦","'#coronavirus', '#sars', '#virusemergents'",1,1,negative,-3.772995097247474,-0.10185196354908044,-3.8748470607965544
2020-01-01,è¿‘ã€…è»¢ç”Ÿâž­ç‹¬æ–­ã¨åè¦‹ã§ä»²è‰¯ã„å¥´ã ã‘åž¢æ•™ãˆã‚‹,@FreezeWataame Fate/Grand Order pic.twitter.com/dbXUTYYktI,"'#fgo', '#fgoãŠå¹´è³€'",2,1,positive,0.8176227153445055,-1.4659741185966908,-0.6483514032521853
2020-01-01,è¿‘ã€…è»¢ç”Ÿâž­ç‹¬æ–­ã¨åè¦‹ã§ä»²è‰¯ã„å¥´ã ã‘åž¢æ•™ãˆã‚‹,æ–°å¹´æ—©ã€…å¤§å¤‰ã‚„ã­(),nan,0,1,positive,0.0006543646776527856,-1.0003272194389339,-0.9996728547612811
2020-01-01,"New York, NY","Still waiting on news from China. There is talk on Chinese social media of a coronavirus in 2 of 7 severely ill patients, but unconfirmed. I expect Wuhan authorities or China CDC will announce findings if they are convinced of an etiological role, or this could be just rumors...",nan,7,9,negative,-8.980613327236597,-0.002853060944516983,-8.983466388181114
2020-01-01,è¿‘ã€…è»¢ç”Ÿâž­ç‹¬æ–­ã¨åè¦‹ã§ä»²è‰¯ã„å¥´ã ã‘åž¢æ•™ãˆã‚‹,ä¹—ã£å–ã‚Š,nan,0,1,positive,0.0006543646776527856,-1.0003272194389339,-0.9996728547612811
2020-01-01,è¿‘ã€…è»¢ç”Ÿâž­ç‹¬æ–­ã¨åè¦‹ã§ä»²è‰¯ã„å¥´ã ã‘åž¢æ•™ãˆã‚‹,ãŠã¤ã‚«ãƒ¬ãƒ¼ãƒ©ãƒ¼ãƒ¡ãƒ³,nan,0,1,positive,0.0006543646776527856,-1.0003272194389339,-0.9996728547612811
2020-01-01,Mount Everest,éƒ­æŸäººé’“é±¼é‚£ä¹ˆæ˜Žæ˜¾ï¼Œå±…ç„¶é‚£ä¹ˆå¤šäººä¸Šå½“ã€‚,nan,0,6,positive,0.0006543646776527856,-1.0003272194389339,-0.9996728547612811
2020-01-01,nan,ðŸ¤£ðŸ¤£ðŸ¤£ mast jok mara re ek aur maarðŸ¤£ðŸ¤£,nan,0,0,positive,1.0465072173731187,-1.6161332911951547,-0.569626073822036
2020-01-01,nan,Laxmi bomb apne aap me ek content h or radhe bas ek action mashala jo hr baar ki tarah h first day eid ke wjah se collevtion to bade ayenge uske bad sirf content chalega aur aaj ke time akshay kumar ke pas hr movie content wali movie h,nan,0,0,positive,6.623619505303566,-6.638176559225485,-0.014557053921919305
2020-01-01,nan,Salman ke aage tik sakti to amir kya h be jhatu singh,nan,0,0,positive,4.514334905084951,-4.576121090732585,-0.06178618564763383
2020-01-01,na pqp :),ah mais vc ficou linda,nan,0,0,positive,1.3570232917472964,-1.8325097314863257,-0.47548643973902927
2020-01-01,nan,Hm bhi nhi chahte ki koi ghuspethiya aaye...prr bhai jo india k muslim h unko dikkat n honi chahiye bs.... https://twitter.com/PxexY4Ylb7Uo2r6/status/1212235015985090561Â â€¦,nan,0,0,positive,5.154502588534513,-5.194449949715732,-0.039947361181219776
2020-01-01,nan,I got coronavirus (suspected) from shadowing a PA in the hospital. [suspected because I know I saw pts with coronavirus],nan,0,0,negative,-2.7770107714495538,-0.19647318379796275,-2.9734839552475165
2020-01-01,nan,Bhai voter card ko citizenship ke liye enough nahi mana gaya h https://twitter.com/PxexY4Ylb7Uo2r6/status/1212225452678377472Â â€¦,nan,0,0,positive,1.71167397039423,-2.0960615994780483,-0.3843876290838182
2020-01-01,nan,Or gareeb logon k pass kahan se documents aayenge..muslim mostly poor hain https://twitter.com/PxexY4Ylb7Uo2r6/status/1212223687966879746Â â€¦,nan,0,0,negative,-2.4929727923494625,-0.2358984031895659,-2.7288711955390283
2020-01-01,nan,Bhai jab rafale ki file gayab ho sakti h toh  .ase bahut log h jinki documnts nahi milenge. https://twitter.com/PxexY4Ylb7Uo2r6/status/1212223687966879746Â â€¦,nan,0,0,negative,-5.050166640518711,-0.04289927111673819,-5.093065911635449
2020-01-01,è¿‘ã€…è»¢ç”Ÿâž­ç‹¬æ–­ã¨åè¦‹ã§ä»²è‰¯ã„å¥´ã ã‘åž¢æ•™ãˆã‚‹,dmï¼ã‚ã¨1äººãƒŸãƒƒã‚·ãƒ§ãƒ³é”æˆã—ã¦ã»ã—ã„ã‹ã‚‰ç”³è«‹ã—ãŸã„ðŸ™,nan,0,0,positive,0.0006543646776527856,-1.0003272194389339,-0.9996728547612811
2020-01-01,nan,2020 krl Feliz Ani novo!,nan,0,0,positive,6.41595433878669,-6.432752010045284,-0.016797671258593994
2020-01-01,na pqp :),Feliz ano novo bando de corno  Que comecem as piadinhas,nan,0,0,positive,6.988372984629422,-6.999690733291274,-0.011317748661852534
2020-01-01,nan,"â€œI heard that the 7 critical cases diagnosed were SARS, Wuhan Tongji Hospital, and Huada Gene Company. All the pathogens were confirmed to be coronavirus. Coronavirus has also been confirmed in the Houhu District of Wuhan Second Hospital.â€  https://twitter.com/HongbaoChen/status/1211958604246351873Â â€¦",nan,11,13,negative,-7.590941516782436,-0.0074636209637333195,-7.59840513774617
2020-01-01,nan,Kon bola hinduon se azaadi ...y sab to apne haq ki ladaai h https://twitter.com/PxexY4Ylb7Uo2r6/status/1212033543942987776Â â€¦,nan,0,0,positive,4.675745165459929,-4.731115140294449,-0.05536997483451955
2020-01-02,"Sant SadurnÃ­ d'Anoia, EspaÃ±a","SÃ³c el Naranjito, un gat molt carinyÃ³s i que m'agraden molt els mimosðŸˆSÃ³c positiu en coronavirus i Ã©s per aixÃ² que he de viure solet sense altres gats.El meu desig mÃ©s gran per aquest nou any Ã©s trobar una famÃ­lia, no vull tornar al carrer on em van abandonarðŸ˜” Em vols conÃ¨ixer?  pic.twitter.com/eYIxDBwyNt",nan,0,1,positive,0.4154805639485062,-1.222645617808979,-0.8071650538604729
2020-01-02,nan,SÃ³ gente bonita ðŸ‘Œ,nan,0,0,positive,2.6107803485731935,-2.8295126728530278,-0.21873232427983424
2020-01-02,nan,"Ten que corijir mesmo, odÃ­io cuando mim ler augo errado, sufude poha.",nan,0,2,negative,-5.15839002150814,-0.03984133609337448,-5.1982313576015144
2020-01-02,Michigan State University,"Do you know that the article about the genome of the virus, ""The Genome Sequence of the SARS-Associated Coronavirus"" was published on Science magazine at May, 2003?",nan,0,0,positive,1.30988251605379,-1.7987612119407856,-0.48887869588699573
2020-01-02,nan,Infections Ã  au Qatar                                https://twitter.com/CEPIvaccines/status/1212740489541292033Â â€¦,"'#mers', '#coronavirus'",1,1,positive,0.6911612366476447,-1.3865806407780852,-0.6954194041304405
2020-01-02,"New York, NY",Some background on the risk of re-emergence of or a novel SARS-related CoV. @EcoHealthNYC has been working since 2004 in China to trace back origins of SARS-CoV... @ProMED_mail @nycbat @hongying_li @TheMenacherryLab @Laurie_Garrett,'#sars',4,7,positive,1.7525614673607777,-2.1274889779689943,-0.3749275106082166
2020-01-02,è¿‘ã€…è»¢ç”Ÿâž­ç‹¬æ–­ã¨åè¦‹ã§ä»²è‰¯ã„å¥´ã ã‘åž¢æ•™ãˆã‚‹,ãƒŸãƒ©ãƒ†ã‚£ãƒ–ã©ã†ã—ãŸï¼Ÿã»ã‚“ã¨é–‹ã‘ãªã„ã‚“ã ã‘ã©,nan,0,1,positive,0.0006543646776527856,-1.0003272194389339,-0.9996728547612811
2020-01-02,è¿‘ã€…è»¢ç”Ÿâž­ç‹¬æ–­ã¨åè¦‹ã§ä»²è‰¯ã„å¥´ã ã‘åž¢æ•™ãˆã‚‹,ãƒ‡ã‚£ã‚±ã‚¤ãƒ‰ã£ã¦ã ã‚Œï¼Ÿ,nan,0,1,positive,0.0006543646776527856,-1.0003272194389339,-0.9996728547612811
2020-01-02,"St. Paul, Minnesota","Novel research led by Fang Li, PhD, associate professor in the Department of Veterinary and Biomedical Sciences at the CVM, could directly impact vaccine and antibody therapies developed for combating coronavirus infections in both humans and animals alike  https://vetmed.umn.edu/news/umn-cvm-scientists-unlock-decades-old-mystery-epidemiologyÂ â€¦",nan,2,4,negative,-0.8906319633908311,-0.6223473426343844,-1.5129793060252155
2020-01-02,nan,NÃ£o gostaria de fazer parte? Fodace vai ser obrigado a se alistar msm assim!,nan,0,2,positive,1.972632572280105,-2.3000758423821566,-0.32744327010205154
2020-01-02,nan,Good news ko Excellent film bolke apne hi hero ki g@@nd mar li ðŸ¤£ðŸ¤£ðŸ¤£,nan,1,1,positive,7.103554019821132,-7.114006455530301,-0.010452435709169094
2020-01-02,nan,Then watch porn,nan,0,0,positive,0.2539532139171463,-1.1325572339407017,-0.8786040200235554
2020-01-02,nan,JÃ¡ tem pic.twitter.com/DXSd3ZMvv7,nan,0,2,positive,0.5206784921832757,-1.2837024117867948,-0.7630239196035191
2020-01-02,è¿‘ã€…è»¢ç”Ÿâž­ç‹¬æ–­ã¨åè¦‹ã§ä»²è‰¯ã„å¥´ã ã‘åž¢æ•™ãˆã‚‹,ãƒŸãƒ©ãƒ†ã‚£ãƒ–ä½¿ãˆã‚“ã‚„ã‚“ã‘ pic.twitter.com/91JTyHot9P,nan,0,0,positive,0.0006543646776527856,-1.0003272194389339,-0.9996728547612811
2020-01-02,WorldW,This app!,nan,0,2,negative,-0.2085631686820193,-0.8994840044112067,-1.108047173093226
2020-01-02,nan,Came for the stayed for the and ! Discovery and Prevalence of Divergent RNA Viruses in European Field Voles and Rabbits  @MDPIOpenAccess https://www.mdpi.com/607022Â ,"'#coronavirus', '#morbilli', '#picorna', '#astrovirus', '#rotavirus'",1,1,positive,1.446119517482714,-1.8971404157573488,-0.4510208982746349
2020-01-02,Mount Everest,äººæ€»å–œæ¬¢è†œæ‹œäººåˆ›é€ çš„å¶åƒï¼Œä¿¡äººåˆ›é€ çš„æ•™ã€‚ éš¾é“ç”¨è‡ªå·±çš„è„‘å­åŽ»æ€è€ƒè¿™ä¸ªä¸–ç•Œä¸å¥½å—ï¼Ÿ btwï¼Œæ•™çš‡æ˜¯å”åƒ§è‚‰ï¼Ÿ pic.twitter.com/DiVYgU9Nt6,nan,0,1,positive,1.2198001564642311,-1.7351514979455906,-0.5153513414813595
2020-01-02,Mount Everest,â€œä¸­å›½äººå¤ªå¤šâ€,nan,0,0,positive,0.0006543646776527856,-1.0003272194389339,-0.9996728547612811
2020-01-02,nan,Let's keep our fingers crossed and hope that the recent outbreak is not related to SARS!  Genomic characterisation of the severe acute respiratory syndrome coronavirus of Amoy Gardens outbreak in Hong Kong. - PubMed - NCBI  https://www.ncbi.nlm.nih.gov/pubmed/14654320Â ,nan,0,1,negative,-8.537603385204505,-0.0038771814325571086,-8.541480566637063
2020-01-02,nan,Ab fact v btana galat hai kya bsdk,nan,0,0,positive,1.8286735609292606,-2.1865333148372628,-0.3578597539080022
2020-01-02,nan,Kv constitution padha h madrasha chhap ðŸ¤£ðŸ¤£ðŸ¤£,nan,0,3,negative,-0.1791649197281302,-0.9131970137078298,-1.09236193343596
2020-01-02,nan,He is concerning all the visitors might carrying â€œcoronavirusâ€?   He should resign now!,nan,0,0,negative,-0.02372921793154603,-0.9881841772832871,-1.0119133952148331
2020-01-02,Hong Kong,tl;dr: SARS is a virus that can cause atypical pneumonia. But atypical pneumonia isn't all caused by,'#hongkong',0,2,negative,-5.706400771651261,-0.027368491390603822,-5.733769263041864
2020-01-02,Hong Kong,Okay time to differentiate between SARS vs atypical pneumonia SARS is one type of viral respiratory infection that is caused by a virus: SARS-coronavirus [1] Atypical pneumonia is an umbrella term that describes pneumonia not caused by typical organisms* https://twitter.com/XinqiSu/status/1212586365201764353Â â€¦,'#hongkong',11,10,negative,-11.587579031064848,-0.00046870018525169144,-11.5880477312501
2020-01-02,"Cabo Frio, Rio de Janeiro","Meu cachorro tÃ¡ internado com coronavÃ­rus, eu to desesperado, nÃ£o sei o que fazer, sÃ³ quero que ele saia dessa logo ðŸ™ðŸ»ðŸ˜­ðŸ˜­ðŸ˜­  pic.twitter.com/YyG9aI2wnX",nan,0,0,negative,-2.546660524844299,-0.22792678436945835,-2.774587309213757
2020-01-02,"Marseille, France",Oui jsp si tu connais le coronavirus,nan,0,0,positive,1.0456493833188603,-1.6155553460441467,-0.5699059627252865
2020-01-03,Japan,A pan-coronavirus fusion inhibitor targeting the HR1 domain of human coronavirus spike | Science Advances  https://advances.sciencemag.org/content/5/4/eaav4580.fullÂ â€¦,nan,0,0,negative,-1.0732350149299776,-0.5609615371938048,-1.6341965521237825
2020-01-03,Japan,Memo è»½å¾®ãªä¿®æ­£ Brief Report: Isolation of a Novel Coronavirus from a Man with Pneumonia in Saudi Arabia | NEJM  https://www.nejm.org/doi/full/10.1056/NEJMx130029Â â€¦,nan,0,0,negative,-5.820266122071786,-0.0253095727540682,-5.845575694825854
2020-01-03,Japan,Memo 2012å¹´ HCoV-EMC Isolation of a Novel Coronavirus from a Man with Pneumonia in Saudi Arabia | NEJM  https://www.nejm.org/doi/full/10.1056/nejmoa1211721Â â€¦,nan,0,0,negative,-6.328678841387813,-0.01783875773870136,-6.346517599126514
2020-01-03,Japan,Broad Cross-Species Infection of Cultured Cells by Bat HKU2-Related Swine Acute Diarrhea Syndrome Coronavirus and Identification of Its Replication in Murine Dendritic Cells In Vivo Highlight Its Potential for Diverse Interspecies Transmission  https://jvi.asm.org/content/93/24/e01448-19Â â€¦,nan,0,0,negative,-3.999424286677538,-0.08749671310022222,-4.08692099977776
2020-01-03,Edinburgh,Which suggests some coronavirus sequence has been obtained but it is not similar to SARS-cov and if it is just in one patient is probably just residual viral RNA from some other coronavirus.,nan,0,1,negative,-1.131883033914761,-0.5423271377389653,-1.6742101716537263
2020-01-03,Edinburgh,"Google translate says â€œFrom the test results obtained so far, â€¦, but it is really very inclined not to be SARS coronavirus. The homology is very low, with less than 4% gene coverage, making it impossible to judge. Need to test again.â€  https://translate.google.com/translate?hl=en&sl=zh-CN&u= https://k.sina.com.cn/article_1315590387_4e6a50f301900p0k6.html&prev=searchÂ â€¦",nan,0,1,negative,-6.449868984392708,-0.016409610508958394,-6.466278594901667
2020-01-03,nan,"Me dÃª uma M16 e muita muniÃ§Ã£o, o resto Ã© comigo ðŸ‘ ðŸ¤£ðŸ¤£",nan,0,0,positive,3.813075070191161,-3.912230105320617,-0.09915503512945634
2020-01-03,Brugge,Blijkbaar maar 4% homologie met coronavirus,nan,0,0,positive,1.0686436789458469,-1.6310859099337947,-0.5624422309879478
2020-01-03,nan,"Renove sua CNH e tome multa do mesmo jeito, pois o DetranPR nÃ£o entrega ela ðŸ‘",nan,2,1,negative,-2.707533248976233,-0.20550708610309698,-2.91304033507933
2020-01-03,nan,"NÃ£o existe mais telefone para contato? No 0800 643-7373 nÃ£o hÃ¡ opÃ§Ã£o de falar com alguÃ©m, e o atendimento eletrÃ´nico nÃ£o resolveu.",nan,0,0,negative,-2.9415359445963247,-0.17653924127955634,-3.118075185875881
2020-01-03,A unas 3 Ã³ 4 cervezas de aquÃ­,Ahora BIOLOGÃA! Inicia las respuestas con la 1Â°letra de tu nombre:  Bacteria: Campylobacter jejuni Virus: Coronavirus Hongo: Candida albicans Planta: Cucurbita pepo Enzima: colagenasa Cito/Histo: cilio GenÃ©tica: cromatina BioquÃ­mica: cuerpos cetÃ³nicos Embrio: citotrofoblasto  https://twitter.com/ConsuuGomez2/status/1213179423278731271Â â€¦,nan,0,0,negative,-4.13549417263954,-0.07983529331571049,-4.21532946595525
2020-01-03,"St Paul, MN","More Ebola in DRC, unknown virus (possible Coronavirus) outbreak in Wuhan, China... It is a very public health intense way to start the new year of 2020.  https://twitter.com/APHL/status/1213190298765053959Â â€¦",nan,1,4,negative,-11.345545456570932,-0.0005542958242301665,-11.346099752395162
2020-01-03,Chine,"Les noirs, les vieux et les femmes",nan,0,1,positive,1.9041285691373844,-2.245747405827437,-0.3416188366900528
2020-01-03,Mount Everest,è´µå›½åƒå¤ä¸€å¸è‹±æ˜Žç¥žæ­¦,nan,0,5,positive,0.0006543646776527856,-1.0003272194389339,-0.9996728547612811
2020-01-03,Hong Kong,ã€ç¨å®¶ã€‘æ­¦æ¼¢ä¸æ˜Žè‚ºç‚Žæ–°ç—…æ¯’æ¥µå¯èƒ½ç”±å‹•ç‰©å‚³äºº  https://s.nextmedia.com/realtime/a.php?i=20200103&s=6996647&a=60448286Â â€¦,'#coronavirus',0,0,positive,0.0006543646776527856,-1.0003272194389339,-0.9996728547612811
2020-01-03,EspaÃ±a Barcelona Madrid,Un nuevo coronavÃ­rus ? se van sumando los pic.twitter.com/zuzha0n08E,"'#wuhan', '#pneumonia', '#china'",1,1,positive,0.3198980465595689,-1.1687975494916678,-0.8488995029320989
2020-01-03,"Boston, MA","If it's a new virus (IF) it will take time to figure out what it is. It took several weeks to figure out that a new coronavirus was the cause of what we know as the SARS outbreak. I'd imagine it would be faster now than in 2003, but it can take time to find/identify pathogens.",nan,0,2,negative,-9.196474508417253,-0.002456914269345134,-9.198931422686599
2020-01-03,ROUEN,"44 personnes par une mÃªme source, lâ€™animal en cause serait hypercontaminant (ce qui est possible). Le sÃ©quencage donne un coronavirus. Des patients qui nâ€™ont pas frÃ©quentÃ© le marchÃ© ont Ã©tÃ© identifiÃ©s. Sâ€™ils portent la mÃªme souche, la transmission sera avÃ©rÃ©e.",nan,0,2,negative,-0.22213189449530546,-0.8932050450870292,-1.1153369395823347
2020-01-03,Edinburgh,In one way or another I think that must be true. I guess the labs are doing metagenomic sequencing and a fragment of some coronavirus came up (which means little). â€™SARSâ€™ may be being used in some reports as synonymous with (any) coronavirus.,nan,0,1,negative,-4.866644787765665,-0.048621644066400904,-4.915266431832066
2020-01-03,Edinburgh,I guess that means 4% of a coronavirus genome in a patient - youâ€™d probably find that in a lot of people. Still 4% of coronavirus genome is > 1kb and would be possible to rule out known coronaviruses.,nan,0,1,negative,-0.38677524472933555,-0.8195351735518841,-1.2063104182812197
2020-01-03,"Leiden, The Netherlands",(Avian) influenza virus seems to be ruled out. Coronavirus still a possibility. Hopefully this will be solved soon https://www.bbc.com/news/world-asia-china-50984025Â â€¦,"'#ngs', '#metagenomics'",1,3,negative,-3.234549237564565,-0.1456693891549321,-3.380218626719497
2020-01-03,nan,I have read somewhere else that they refer to 4% genome coverage. <4% homology makes no sense. Than it is for sure not a coronavirus,nan,1,2,positive,2.5940169651860856,-2.81511936557726,-0.22110240039117457
2020-01-03,"Tseung Kwan O, Hong Kong",The latest pneumonia outbreak in might be caused by a new type of coronavirus which can be transferred from animal to human and is not exactly the same as will announce strengthened prevention measure later today.  Source: Apple Daily https://hk.news.appledaily.com/local/realtime/article/20200103/60448286Â â€¦,"'#wuhan', '#hkgov'",2,1,negative,-2.932823471005406,-0.17754540321107015,-3.1103688742164763
2020-01-03,nan,@WHO Suspecting Novel in this new in even when hasn't revealed the exact cause / type of  It may even be infectious and spread between humans and https://s.nextmedia.com/realtime/a.php?i=20200103&s=6996647&a=60448286Â â€¦,"'#coronavirus', '#severerespiratoryinfection', '#wuhan', '#china', '#ccp', '#virus', '#animal', '#publichealth', '#epidemic'",0,0,positive,2.738688948576936,-2.9400981410998384,-0.20140919252290246
2020-01-03,ROUEN,"Moins de 4% de sÃ©quences communes avec SARS-Cov: le sÃ©quencage est fait, il sâ€™agit donc dâ€™un coronavirus qui a mutÃ© pour le passage inter espÃ¨ces (chauve-souris principal suspect). Si les 44 cas avaient la mÃªme souche, une transmission inter humaine serait vraisemblable.",nan,1,1,positive,3.431864671913331,-3.559713025517908,-0.12784835360457691
2020-01-03,International Website,"China - Media report on Wuhan mystery pneumonia: Influenza, avian influenza, and adenovirus infections can be ruled out - a new type of coronavirus disease is not ruled out.  h/t Pathfinder",nan,16,8,negative,-9.369893559938248,-0.0021788509901057296,-9.372072410928354
2020-01-03,Mount Everest,é…å›¾å®žå±žé«˜é›…,nan,0,25,positive,0.0006543646776527856,-1.0003272194389339,-0.9996728547612811
2020-01-03,Mount Everest,é«˜é›…è‰ºæœ¯,nan,0,0,positive,0.0006543646776527856,-1.0003272194389339,-0.9996728547612811
2020-01-03,"Lake Jackson, TX",Coronavirus is gross!!! My least favorite. I had never heard of it until moving to El Paso!,nan,0,0,negative,-3.018831866807716,-0.1678446699057119,-3.1866765367134278
2020-01-03,"Atlanta, GA","Perhaps a dumb question, but even if it's not SARS-CoV, is it a coronavirus? (Is that known?)",nan,0,1,positive,0.014475009761575564,-1.007255658841153,-0.9927806490795774
2020-01-03,"Glenwood Springs, America","We don't know which family the virus comes from, but  CoV(coronavirus) is most likely, and human to human transmission is guaranteed by those numbers. Since it infects the breathing system, it's spread by aerosol, which is bad. It's fast and efficient. One sneeze in an airport...",nan,0,2,negative,-7.580279750580189,-0.007518838715753873,-7.587798589295943
2020-01-03,nan,"Nikal madarch@d, pehli fursat me warna jaha se nikla waha gushega  ðŸ¤£ðŸ¤£ðŸ¤£",nan,0,0,negative,-0.0013087276025345318,-0.9993457845987592,-1.0006545122012938
2020-01-03,nan,Lgta h bachpan me ammi ne chut chtaya isiliye b@@bs khoj rha ðŸ¤£ðŸ¤£ðŸ¤£,nan,0,0,negative,-2.3421110934343474,-0.25969011988534874,-2.601801213319696
2020-01-03,nan,Original id bnaunga to muh me lega bol ðŸ¤£ðŸ¤£ðŸ¤£,nan,0,0,positive,3.043144999492455,-3.2083393379006395,-0.16519433840818465
2020-01-03,nan,Naah aajkal sare jai meme wale mulle se hi halala kara rhe ðŸ¤£ðŸ¤£ðŸ¤£,nan,0,0,positive,3.891764622181796,-3.985824060300075,-0.0940594381182791
2020-01-03,nan,Tujhe mullo se muhhobat nhi teri ammi ko h tu to paultary h be ðŸ¤£ðŸ¤£ðŸ¤£ pta nhi 10wa ya 12wa no. Lga Tera ðŸ¤£ðŸ¤£ðŸ¤£,nan,0,0,positive,2.4275040713886398,-2.6734703264275907,-0.24596625503895098
2020-01-03,nan,Apni ammi ko meri mummy smjh rha chutke ðŸ¤£ðŸ¤£ðŸ¤£,nan,0,0,positive,0.7253367539810256,-1.4077804659985844,-0.6824437120175588
2020-01-03,"Glenwood Springs, America","We'll see what variant of coronavirus we're dealing with soon, I hope. I can't believe the sequence still isn't out.  Surely there's been a gain of function or important mutation, or it is indeed plain SARS and they don't want to freak out Chinese people.  My bet's on the latter.",nan,0,1,negative,-3.022694784050941,-0.16742091702604966,-3.1901157010769907
2020-01-03,nan,Naah trri mummy ke b@@bs maine free kra di h jab man kre khud lena nhi to mohalle me baat dena ðŸ¤£ðŸ¤£ðŸ¤£ðŸ¤£,nan,0,0,positive,5.8244842680242925,-5.849720591346227,-0.02523632332193415
2020-01-03,nan,Bhagwa or bhadwa me bahot frk hota h bsdk ðŸ¤£ðŸ¤£ðŸ¤£ tere jaise bhadwe hi bhagwa ko jalil krte  Thankgod hum kisi mulle se khtna nhi karate ðŸ¤£ðŸ¤£ðŸ¤£,nan,0,0,positive,6.089362757112212,-6.110396855487892,-0.021034098375679378
2020-01-03,nan,Pr tensn mt lo tumko to muh me v diya jayega ghapa ghap,nan,0,0,negative,-2.7930270407867113,-0.19444386419768023,-2.9874709049843915
2020-01-03,nan,yahi problem h tumhari pehle g@@nd marwa lo fir dusre se g@@nd mango ðŸ¤£ðŸ¤£ðŸ¤£,nan,0,0,positive,1.8264518532629666,-2.1847999622802092,-0.3583481090172427
2020-01-03,Tokyo,"[PROTOCOL] Genetically Engineering a Susceptible Mouse Model for MERS-CoV-Induced Acute Respiratory Distress Syndrome. Leist SR, Cockrell AS. In: Vijay R. (eds) MERS Coronavirus. MIMB 2918012-28.",'#crispr',0,1,negative,-3.8229974377788096,-0.09849809927411002,-3.9214955370529196
2020-01-03,nan,G@@nd marwane wale bhakt v to aa gye h ðŸ¤£ðŸ¤£ðŸ¤£,nan,0,0,negative,-1.500151508842528,-0.436712222278274,-1.936863731120802
2020-01-03,nan,Pehle document fir bakarchodi bsdk,nan,0,0,negative,-0.5286535436164357,-0.7597535797151806,-1.2884071233316163
2020-01-03,nan,"FeliD-3 Test Kiti; Ä°mmÃ¼nokromatografi prensibine gÃ¶re Kedi Parvovirus, Coronavirus ve Giardia antijeninin tespiti iÃ§in yardÄ±mcÄ± teÅŸhis pic.twitter.com/tFk9FPwi09","'#diagnostiktestler', '#kedicoronavirÃ¼s', '#felid3', '#hÄ±zlÄ±testkiti', '#keditestkiti', '#veteriner', '#diagnostic', '#anigen', '#bionote', '#elkdiagnostic'",0,0,negative,-0.06990785989606252,-0.9654694643491126,-1.0353773242451751
2020-01-03,è¿‘ã€…è»¢ç”Ÿâž­ç‹¬æ–­ã¨åè¦‹ã§ä»²è‰¯ã„å¥´ã ã‘åž¢æ•™ãˆã‚‹,æ­£ç›´SiMè²·ã£ã¦ä½¿ã£ã¨ã‚‰ã‚“æœ¬ä½“ã«æ–°è¦ç•ªå·å…¥ã‚Œã¦ç‰‡ã£ç«¯ã‹ã‚‰ãƒ­ãƒƒã‚¯è§£é™¤ãŒä¸¸ã„ã®ã§ã¯ã£ã¦æ€ãˆã¦ããŸ,nan,0,0,negative,-0.530514716114526,-0.7589919007352179,-1.289506616849744
2020-01-03,nan,Naah munna wo padhane nhi g@@nd marne baitha h congressio ke,nan,0,1,positive,1.8607429667823112,-2.211618602102618,-0.35087563532030686
2020-01-03,nan,Great info sharing and detail @hayesluk.  Agree a novel coronavirus has to be real consideration...,nan,2,9,positive,8.837065849315508,-8.840217065896468,-0.003151216580960181
2020-01-03,Hong,"Food for thought here re potential newly emerging Samples from Tuen Mun (Hong Kong) patient who tested negative to SARS, flu and avian flu to be sequenced, curious to see the results;  https://twitter.com/hayesluk/status/1213049380439121920?s=21Â â€¦",'#coronavirus',2,8,positive,0.6644565605887465,-1.3701481670786677,-0.7056916064899212
2020-01-03,Mount Everest,æžæƒå¯¹ç¤¾ä¼šé“å¾·çš„æ±¡æŸ“.jpg,nan,0,0,negative,-0.34103691725081475,-0.8395353280645139,-1.1805722453153287
2020-01-03,Mount Everest,æ”¿æ²»å®¶ä¸€è´¯çš„å‡å…¬æµŽç§ï¼Œåªæ˜¯åœ¨ä¸åŒçš„ä½“åˆ¶ä¸‹éœ€è¦å‘ä¸åŒçš„äººè´Ÿè´£ã€‚,nan,0,1,positive,0.0006543646776527856,-1.0003272194389339,-0.9996728547612811
2020-01-03,Mount Everest,å¥¹è¦æ˜¯çœŸè¯»è¿‡å‡ æœ¬å¥½ä¹¦ï¼Œä¹Ÿå†™ä¸å‡ºæ¥é‚£äº›ä¹±ä¸ƒå…«ç³Ÿçš„å°è¯´ã€‚,nan,0,0,positive,0.0006543646776527856,-1.0003272194389339,-0.9996728547612811
2020-01-03,nan,Why not SADS ? Outbreaks some time ago in pigs in southern China and able to infect human cells... Wuhan Inst Virology has the diagnostics to detect the virus quickly. So could be ruled out already....,'#coronavirus',3,9,negative,-9.232940803784118,-0.002395641230691581,-9.23533644501481
2020-01-03,Hong Kong,Point 3 is especially insightful after Prof. David Huiâ€™s sharing. and were now not excluded as the possible etiological agent.,"'#coronavirus', '#sars'",7,16,positive,3.2969275919722065,-3.436721875796735,-0.13979428382452852
2020-01-03,è¿‘ã€…è»¢ç”Ÿâž­ç‹¬æ–­ã¨åè¦‹ã§ä»²è‰¯ã„å¥´ã ã‘åž¢æ•™ãˆã‚‹,SMS3åž¢ä»£è¡ŒæŽ¢ã•ãªã„ã¨,nan,0,0,negative,-0.7542469208904308,-0.671615641589387,-1.4258625624798178
2020-01-03,è¿‘ã€…è»¢ç”Ÿâž­ç‹¬æ–­ã¨åè¦‹ã§ä»²è‰¯ã„å¥´ã ã‘åž¢æ•™ãˆã‚‹,éŠã³ã™ãŽãŸãªã€å¤šåˆ†ã‚¢ãƒ¬ã®ã›ã„ã ã‚,nan,0,0,positive,0.0006543646776527856,-1.0003272194389339,-0.9996728547612811
2020-01-03,è¿‘ã€…è»¢ç”Ÿâž­ç‹¬æ–­ã¨åè¦‹ã§ä»²è‰¯ã„å¥´ã ã‘åž¢æ•™ãˆã‚‹,ä¸¡åˆ€å‡ºæ¥ã¸ã‚“ã‚„ã‚“,nan,0,0,positive,0.0006543646776527856,-1.0003272194389339,-0.9996728547612811
2020-01-03,è¿‘ã€…è»¢ç”Ÿâž­ç‹¬æ–­ã¨åè¦‹ã§ä»²è‰¯ã„å¥´ã ã‘åž¢æ•™ãˆã‚‹,ã‚ã‚Œã€ãƒ¢ãƒã‚¤ãƒ«Twitterã‚„ã‚ã†ã¨ã—ã¦ã‚‚å¼·åˆ¶çš„ã«ã‚¢ãƒ—ãƒªé£›ã°ã•ã‚Œã‚‹ã‚“ã ã‘ã©ä»•æ§˜å¤‰ãˆã‚„ãŒã£ãŸã‹ï¼Ÿ,nan,0,0,positive,0.5675365912923853,-1.3114978273552609,-0.7439612360628756
2020-01-03,è¿‘ã€…è»¢ç”Ÿâž­ç‹¬æ–­ã¨åè¦‹ã§ä»²è‰¯ã„å¥´ã ã‘åž¢æ•™ãˆã‚‹,ã¾ãŸä¸€ç”Ÿæ‡¸å‘½è§£é™¤ã™ã‚‹ä½œæ¥­ã—ãªã„ã¨ã„ã‹ã‚“ã®ã‹...,nan,0,0,positive,0.0006543646776527856,-1.0003272194389339,-0.9996728547612811
2020-01-03,è¿‘ã€…è»¢ç”Ÿâž­ç‹¬æ–­ã¨åè¦‹ã§ä»²è‰¯ã„å¥´ã ã‘åž¢æ•™ãˆã‚‹,ã‚„ã¹ã‡ãƒ­ãƒƒã‚¯ã•ã‚ŒãŸã®ã‚ªãƒ¼ãƒ«ãƒ‰ã ã’ã˜ã‚ƒã­ãˆãž,nan,0,1,positive,0.0006543646776527856,-1.0003272194389339,-0.9996728547612811
2020-01-03,Hong Kong,@CUHKofficial professor David Hui quoted from Beijing scholars that the Wuhan pneumonia might be caused by emerging  https://shar.es/a3lp2SÂ ,'#coronavirus',5,8,negative,-1.5804932605563238,-0.41615610795847147,-1.9966493685147952
2020-01-03,Mount Everest,è¿™è¯è¯´é”™äº†ï¼ŒçŽ©ç®€å•éš¾åº¦çš„çŽ©å®¶è‚¯å®šè¦æ¯”çŽ©åœ°ç‹±éš¾åº¦çš„å‚»å¾—å¤šå•Šã€‚,nan,0,0,positive,0.0006543646776527856,-1.0003272194389339,-0.9996728547612811
2020-01-03,nan,Thanks ðŸ¤—,nan,0,0,positive,2.5793640258946366,-2.802557560696325,-0.22319353480168846
2020-01-03,nan,Isko kehte hai marne ke bad ilaaz karna ðŸ¤£ðŸ¤£ðŸ¤£,nan,0,0,negative,-0.3303081882405081,-0.8442784288166933,-1.1745866170572015
2020-01-03,nan,Ye to ddpd ka first day collection tha ðŸ¤£ðŸ¤£ðŸ¤£ðŸ¤£,nan,0,0,positive,2.406319795561025,-2.655627295509298,-0.24930749994827295
2020-01-03,nan,Aayi thi isiliye a370 hta diya ðŸ¤£ðŸ¤£ðŸ¤£,nan,0,4,negative,-1.4698617362084008,-0.4446849769849095,-1.9145467131933103
2020-01-03,nan,Congress ka colour scam awasarwad tustikaran desh ko lootna pakistan prem yahi h or koi colour nhi,nan,0,2,positive,1.80225774812385,-2.165962090159951,-0.363704342036101
2020-01-03,nan,He is already an union minister and there is no scam in last six year related to his field so we indians want that he is always be union minister not cheif minister and fadnvis is the best cm ever in maharstra history,nan,0,13,negative,-1.7271182742909161,-0.38079005475822214,-2.1079083290491383
2020-01-03,Mount Everest,è¯„è®ºé‡Œå°±æœ‰ä¸€äº›äººæ€’äº†ï¼Œå“ˆå“ˆå“ˆ,nan,0,2,positive,0.0006543646776527856,-1.0003272194389339,-0.9996728547612811
2020-01-03,Mount Everest,æ ‡é¢˜æ²¡æ¯›ç—…ï¼Œfairy tale,nan,0,3,positive,1.2728607887094974,-1.7724779577494267,-0.49961716903992937
2020-01-03,Mount Everest,è¿™é›†æˆ‘çœ‹äº†ï¼Œæ·˜å®åŒæ¬¾çš®æ°´å£¶å¤ªåšä½œï¼Œ ä¸­å›½ç‰§æ°‘è£…å¥¶éƒ½æ˜¯ç™½è‰²å¡‘æ–™åŠ ä»‘æ¡¶ï¼Œæ²¡æœ‰ä¾‹å¤–ã€‚,nan,3,57,positive,0.0006543646776527856,-1.0003272194389339,-0.9996728547612811
2020-01-03,Mount Everest,å¯èƒ½æ˜¯ä¸­å›½ç‘žå…¸,nan,0,0,positive,0.0006543646776527856,-1.0003272194389339,-0.9996728547612811
2020-01-03,nan,Lage rho bhai,nan,0,0,negative,-1.7927221057911353,-0.3658346665106862,-2.1585567723018215
2020-01-03,Mount Everest,isis,nan,0,1,positive,1.099535674135165,-1.652076696978046,-0.5525410228428811
2020-01-03,nan,"Es el sÃ­ndrome respiratorio grave, siglas en inglÃ©s. Es una neumonÃ­a grave, provocado por un coronavirus, se les tiene que internar y tener en cuarentena. No hay cura especÃ­fica, pero sÃ­ se tratan los sÃ­ntomas. Se contagia por gotitas de estornudo o tos. Les gusta la temp baja",nan,0,7,negative,-1.7007055830582516,-0.3869605710658135,-2.087666154124065
2020-01-03,è¿‘ã€…è»¢ç”Ÿâž­ç‹¬æ–­ã¨åè¦‹ã§ä»²è‰¯ã„å¥´ã ã‘åž¢æ•™ãˆã‚‹,ã¾ãŸã‚ªãƒ¼ãƒ«ãƒ‰ç•ªå·å…¥ã‚Œã¦ãªã„ã‚„ã¤ãƒ­ãƒƒã‚¯ã‹ã‹ã£ã¦ã¦ã‚¬ãƒ³èŽãˆ,nan,0,0,positive,0.0006543646776527856,-1.0003272194389339,-0.9996728547612811
2020-01-03,"Glenwood Springs, America","That, and it depends on how efficiently and how far this spreads.  Given how fast coronavirus mutates and recombinates, we could be dealing with a virus that is very different from SARS.  SARS apparently had an R0 of 2-4, which is very high.",nan,0,1,negative,-2.443232442414086,-0.24351215022755923,-2.686744592641645
2020-01-03,United Arab Emirates.,What the hell is that thing??,nan,0,0,negative,-0.6965537206820258,-0.6933593191131724,-1.3899130397951982
2020-01-03,On Air,Have anyone noticed the cover pic of @zafarsareshwala. @NazemNaqvi - Please have a look. pic.twitter.com/Ko0R3QdSR6,nan,0,0,positive,0.792910672964183,-1.450256571328076,-0.6573458983638929
2020-01-03,On Air,Hurry up guys. pic.twitter.com/ILIkUisfIh,nan,0,0,positive,0.20129681844047909,-1.1041563909402896,-0.9028595724998105
2020-01-03,United Arab Emirates.,Lol Iâ€™m from uae but i dont know how to type in Arabic even if I know how I type really slowly like i dont know why lmao ðŸ˜‚ðŸ˜‚,nan,0,0,negative,-2.380090464424299,-0.25350205728231856,-2.6335925217066176
2020-01-03,United Arab Emirates.,In 2020 Iâ€™ll be happy with my life. https://twitter.com/freakin_dani/status/1212816286750822401Â â€¦,nan,0,0,positive,0.8837601664696209,-1.5085190235173584,-0.6247588570477376
2020-01-04,nan,"Sure, if it is an extra-planetary life form...there seem to be a variety of cases at different stages. So that is unlikely. The bigger problem would be co-infections, e.g. with a relative harmless coronavirus. Happened with SARS and HKU I believe.",nan,0,3,negative,-4.7488743887215605,-0.05268260606365516,-4.801556994785216
2020-01-04,nan,â€œIt is reported that the local virus that has caused the outbreak of unknown pneumonia is very likely to be a new species of coronavirus that jumps from animals to humansâ€  https://twitter.com/FluTrackers/status/1213537603749916672Â â€¦,nan,0,0,negative,-9.748354302765136,-0.0016763902996501656,-9.750030693064787
2020-01-04,BCN-Catalunya,"el mÃ©s mediÃ tic, el q encara batega, aquest darrer amb evidents dificultats de transmissiÃ³ Als abans se'ls lligava amb refredats, no anaven mÃ©s enllÃ . I aixÃ­ estem...potser demÃ  em menjo amb patates algun dels tuits perÃ² ara l'escenari seria aquest.","'#sars', '#mers', '#h2h', '#coronavirus'",0,0,positive,1.1164062246498645,-1.6636007138711193,-0.5471944892212548
2020-01-04,BCN-Catalunya,"Per tant, tenint clar que estem, mÃ©s que probablement, davant una podria ser que al final aquesta etiqueta de pneumonia virica tingues diferents agents causals. De fet els 4 coronavirus que infecten a humans van ser previament coronavirus animals q van saltar...9",'#zoonosi',0,1,negative,-7.820466749506352,-0.006368257217076234,-7.826835006723428
2020-01-04,IberoamÃ©rica,"El sÃ­ndrome respiratorio agudo grave (SARS, por sus siglas en inglÃ©s) es provocado por el coronavirus.Todos los pacientes estÃ¡n recibiendo tratamiento en condiciones de aislamiento, segÃºn las autoridades sanitarias.  http://noticiasncc.com/cartelera/articulos-o-noticias/01/03/china-confirma-nuevos-casos-una-misteriosa-neumonia-viral/Â â€¦",nan,1,1,negative,-5.085503855018985,-0.041876183660413346,-5.127380038679398
2020-01-04,Republic,Unconfirmed epidemiology reports about a new coronavirus similar to SARS. China has hidden information in the past during SARS outbreak in 2002. It's possible.,nan,0,0,negative,-10.487715068083304,-0.0010043996009869716,-10.488719467684291
2020-01-04,nan,*com o dono.,nan,0,0,negative,-1.1299554830451157,-0.5429313890106862,-1.6728868720558019
2020-01-04,nan,A mulher fez isso pra se vingar do ex-marido. O cÃ£o estÃ¡ bem e comno dono. A v4di4 possivelmente jÃ¡ estÃ¡ respondendo pelo crime.,nan,0,7,positive,0.412270119785461,-1.2208117116922779,-0.8085415919068168
2020-01-04,nan,"Passou na TV, ela fez isso para se vingar do ex-marido. O cÃ£o estÃ¡ bem e com o dono. A V@di4 provavelmente jÃ¡ estÃ¡ sendo processada tbm.",nan,0,2,positive,2.821101673217129,-3.012035553528108,-0.19093388031097902
2020-01-04,nan,"Se tiver fÃ¡cil aÃ­ pode mandar, embora nÃ£o concorde com isso a principio.",nan,0,0,positive,0.8712827634520721,-1.5004393855133316,-0.6291566220612594
2020-01-04,nan,"Pq pna nÃ£o Ã© vÃ¡lido como princÃ­pio, por pressupor propriedade?",nan,0,0,negative,-2.321928094303111,-0.2630344059311689,-2.5849625002342798
2020-01-04,nan,Por que nÃ£o?,nan,0,0,positive,0.0006543646776527856,-1.0003272194389339,-0.9996728547612811
2020-01-04,è¿‘ã€…è»¢ç”Ÿâž­ç‹¬æ–­ã¨åè¦‹ã§ä»²è‰¯ã„å¥´ã ã‘åž¢æ•™ãˆã‚‹,åˆÌ·Ì–ÌºÍˆÌ†Í›Íå‰Ì§Ì¢Ì–Ì«ÌŠ3Ì˜Ì¦æ™‚Ì—Í¡ã®Ì¶Ì›Ì˜Ì™Ì¤Ì™ÌŒÌ‰Í¢ã„Ì·ã‚™ÌŠÌˆÌ“Ì“Ì…ã°Ì¬Ì¬Ì©ÍˆÌŠÍ¡ã‚‰ã‚™ÌœÌ©Ì¹ãŽÌ«ÌºÌ“Í£Ì•Í¡ã’Ì§Ì›Ì©ÌžÌ½ã‚“ã‚™Ì¨Ì¼Ì—Ì¤Ì‚Ì„â€,nan,0,0,negative,-0.3651901840216558,-0.8289292882432973,-1.194119472264953
2020-01-04,è¿‘ã€…è»¢ç”Ÿâž­ç‹¬æ–­ã¨åè¦‹ã§ä»²è‰¯ã„å¥´ã ã‘åž¢æ•™ãˆã‚‹,ãŠã‚„ã™ã¿ã£ã¦è¨€ã£ã¦ãã‚Œã¦ã€ã€ã€ã‚ã‚ŠãŒã¨ã£ðŸ˜ŠðŸ˜Š( *Ë™Ë™*) pic.twitter.com/lEobHTvx6K,nan,0,1,positive,0.0006543646776527856,-1.0003272194389339,-0.9996728547612811
2020-01-04,è¿‘ã€…è»¢ç”Ÿâž­ç‹¬æ–­ã¨åè¦‹ã§ä»²è‰¯ã„å¥´ã ã‘åž¢æ•™ãˆã‚‹,å¾…ã£ã¦ãŸã‹ã‚‰ãªã“ã®æ™‚ã‚’,nan,0,0,positive,0.0006543646776527856,-1.0003272194389339,-0.9996728547612811
2020-01-04,è¿‘ã€…è»¢ç”Ÿâž­ç‹¬æ–­ã¨åè¦‹ã§ä»²è‰¯ã„å¥´ã ã‘åž¢æ•™ãˆã‚‹,ã•ã€å¯ã‚‹ã‚ãŠã‚„ã™ã¿æ°¸çœ ã™ã‚‹,nan,0,1,positive,0.0006543646776527856,-1.0003272194389339,-0.9996728547612811
2020-01-04,è¿‘ã€…è»¢ç”Ÿâž­ç‹¬æ–­ã¨åè¦‹ã§ä»²è‰¯ã„å¥´ã ã‘åž¢æ•™ãˆã‚‹,ã‚ã‹ã‚‹ã€ã‚ã‹ã‚‹ãžãã®æ°—æŒã¡,nan,0,0,positive,0.0006543646776527856,-1.0003272194389339,-0.9996728547612811
2020-01-04,è¿‘ã€…è»¢ç”Ÿâž­ç‹¬æ–­ã¨åè¦‹ã§ä»²è‰¯ã„å¥´ã ã‘åž¢æ•™ãˆã‚‹,ç¾Žå‘³ãã†(ãã‚Œã£ã½ã„è¿”ã—),nan,0,1,positive,0.0006543646776527856,-1.0003272194389339,-0.9996728547612811
2020-01-04,è¿‘ã€…è»¢ç”Ÿâž­ç‹¬æ–­ã¨åè¦‹ã§ä»²è‰¯ã„å¥´ã ã‘åž¢æ•™ãˆã‚‹,ã‚ªã‚¿ã‚¯ã®æ€§,nan,0,1,positive,0.0006543646776527856,-1.0003272194389339,-0.9996728547612811
2020-01-04,nan,"Por isso, acredito que a esmagadora maioria acredita em direitos naturais (vida, liberdade e propriedade), e concordaria com o ""princÃ­pio da nÃ£o agressÃ£o"".",nan,0,0,negative,-0.05883156478128626,-0.9708840828897394,-1.0297156476710256
2020-01-04,è¿‘ã€…è»¢ç”Ÿâž­ç‹¬æ–­ã¨åè¦‹ã§ä»²è‰¯ã„å¥´ã ã‘åž¢æ•™ãˆã‚‹,æ¯å­ãŒã‚¯ãƒªã‚¹ãƒžã‚¹ãƒ—ãƒ¬ã‚¼ãƒ³ãƒˆã«è²°ã£ãŸã‚²ãƒ¼ãƒ æ©Ÿã§ã€å†¬ä¼‘ã¿ã¯ä¸€æ—¥ä¸­éŠã‚“ã§ã„ã‚‹ðŸ˜¥ å®¿é¡Œã‚’ã—ã‚ã¨è¨€ã£ã¦ã‚‚ç„¡è¦–ã€ã”é£¯ã‚‚é£Ÿã¹ãªã„ã€åˆè©£ã«å®¶æ—ã§è¡Œã“ã†ã¨ã—ã¦ã‚‚ã€Œã‚²ãƒ¼ãƒ ã§å¿™ã—ã„ã€ã®ã ã¨â€¦ é‚ã«æ€’ã‚ŠãŒé ‚ç‚¹ã«é”ã—ã€æ¯å­ã‹ã‚‰å–ã‚Šä¸Šã’ã¦ç›®ã®å‰ã§å©ãå£Šã—ã¾ã—ãŸâ˜ºä¸€ä»¶è½ç€ pic.twitter.com/UHaA0uUak0,nan,2,3,positive,0.0006543646776527856,-1.0003272194389339,-0.9996728547612811
2020-01-04,nan,"Partindo do pressuposto de que todas regras sÃ£o arbitrÃ¡rias, e nÃ£o existe ""direitos naturais"", logo, cada um decide o que Ã© ou nÃ£o Ã©tico. Onde vc acha que isso vai parar? Eu acho que vai parar em: lei do mais forte. Quem pode mais, chora menos, escravidÃ£o, etc.",nan,0,0,positive,8.410917494162106,-8.415150012699542,-0.004232518537435226
2020-01-04,è¿‘ã€…è»¢ç”Ÿâž­ç‹¬æ–­ã¨åè¦‹ã§ä»²è‰¯ã„å¥´ã ã‘åž¢æ•™ãˆã‚‹,ã„ã‚„ã‚«ãƒ„ãƒŽãƒªã£ã¦èª°ã ã‚ˆ,nan,0,1,positive,0.0006543646776527856,-1.0003272194389339,-0.9996728547612811
2020-01-04,è¿‘ã€…è»¢ç”Ÿâž­ç‹¬æ–­ã¨åè¦‹ã§ä»²è‰¯ã„å¥´ã ã‘åž¢æ•™ãˆã‚‹,å‘¼ã°ã‚Œã¦é£›ã³å‡ºã¦ã‚¸ãƒ£ã‚¸ãƒ£ã‚¸ãƒ£ã‚¸ãƒ£ãƒ¼ãƒ³,nan,1,0,positive,0.0006543646776527856,-1.0003272194389339,-0.9996728547612811
2020-01-04,è¿‘ã€…è»¢ç”Ÿâž­ç‹¬æ–­ã¨åè¦‹ã§ä»²è‰¯ã„å¥´ã ã‘åž¢æ•™ãˆã‚‹,nan,'#rtã®æ—©ã„5äººã«è½æ›¸ãæŠ•ã’ã¤ã‘ã‚‹',2,0,0.0,0.0,0.0,0.0
2020-01-04,è¿‘ã€…è»¢ç”Ÿâž­ç‹¬æ–­ã¨åè¦‹ã§ä»²è‰¯ã„å¥´ã ã‘åž¢æ•™ãˆã‚‹,ã‚ã¨5åˆ†,nan,0,0,negative,-0.4031481633844738,-0.8124623540429292,-1.215610517427403
2020-01-04,è¿‘ã€…è»¢ç”Ÿâž­ç‹¬æ–­ã¨åè¦‹ã§ä»²è‰¯ã„å¥´ã ã‘åž¢æ•™ãˆã‚‹,çœŸé¢ç›®ã«å¯ã‚ˆã‹ãª,nan,0,0,positive,0.0006543646776527856,-1.0003272194389339,-0.9996728547612811
2020-01-04,è¿‘ã€…è»¢ç”Ÿâž­ç‹¬æ–­ã¨åè¦‹ã§ä»²è‰¯ã„å¥´ã ã‘åž¢æ•™ãˆã‚‹,çµå©šã—ã‚ˆã†,nan,0,0,positive,0.0006543646776527856,-1.0003272194389339,-0.9996728547612811
2020-01-04,è¿‘ã€…è»¢ç”Ÿâž­ç‹¬æ–­ã¨åè¦‹ã§ä»²è‰¯ã„å¥´ã ã‘åž¢æ•™ãˆã‚‹,æ„›ã—ã¦ã‚‹ã‚ˆ,nan,0,0,positive,0.0006543646776527856,-1.0003272194389339,-0.9996728547612811
2020-01-04,è¿‘ã€…è»¢ç”Ÿâž­ç‹¬æ–­ã¨åè¦‹ã§ä»²è‰¯ã„å¥´ã ã‘åž¢æ•™ãˆã‚‹,"ã„""ã‚„""ã‚""ã‚""ã‚""ã‚""ã‚""ã‚„""ã‚""ã¦""ï¼ç§ã«""ä¹±æš´ã™ã‚‹æ°—ã§ã—""ã‚‡""ï¼Ÿã‚¨""ãƒ­""åŒäººã¿""ãŸ""ã„""ã«""ï¼ã‚¨""ãƒ­""åŒäººã¿""ãŸ""ã„""ã«""ï¼ pic.twitter.com/P1fMLVCnsj",nan,2,2,positive,0.0006543646776527856,-1.0003272194389339,-0.9996728547612811
2020-01-04,è¿‘ã€…è»¢ç”Ÿâž­ç‹¬æ–­ã¨åè¦‹ã§ä»²è‰¯ã„å¥´ã ã‘åž¢æ•™ãˆã‚‹,ä¸»äººã¨ã—ã¦é ‘å¼µã£ãŸ,nan,0,1,positive,0.0006543646776527856,-1.0003272194389339,-0.9996728547612811
2020-01-04,è¿‘ã€…è»¢ç”Ÿâž­ç‹¬æ–­ã¨åè¦‹ã§ä»²è‰¯ã„å¥´ã ã‘åž¢æ•™ãˆã‚‹,ä¿ºã¿ãŸã„ãªidã®äººãŠã£ãŸ,nan,0,0,negative,-0.19754532366128252,-0.9046058853855978,-1.1021512090468804
2020-01-04,è¿‘ã€…è»¢ç”Ÿâž­ç‹¬æ–­ã¨åè¦‹ã§ä»²è‰¯ã„å¥´ã ã‘åž¢æ•™ãˆã‚‹,ã•ã¿ãƒã‹ã‚‰å¯ã‚ˆã‹ãª,nan,0,0,positive,0.0006543646776527856,-1.0003272194389339,-0.9996728547612811
2020-01-04,è¿‘ã€…è»¢ç”Ÿâž­ç‹¬æ–­ã¨åè¦‹ã§ä»²è‰¯ã„å¥´ã ã‘åž¢æ•™ãˆã‚‹,å¾“ãˆã¦ã‚‹ã˜ã‚ƒã‚“(å†·é™),nan,0,1,positive,0.0006543646776527856,-1.0003272194389339,-0.9996728547612811
2020-01-04,è¿‘ã€…è»¢ç”Ÿâž­ç‹¬æ–­ã¨åè¦‹ã§ä»²è‰¯ã„å¥´ã ã‘åž¢æ•™ãˆã‚‹, pic.twitter.com/GC1I2XytwO,nan,0,0,positive,0.0006543646776527856,-1.0003272194389339,-0.9996728547612811
2020-01-04,è¿‘ã€…è»¢ç”Ÿâž­ç‹¬æ–­ã¨åè¦‹ã§ä»²è‰¯ã„å¥´ã ã‘åž¢æ•™ãˆã‚‹,ã„ã‚„ã€äººã‚’æ¬ºã„ã¦ã“ãã®å„ªç§€ãªäººæã¨è¨€ãˆã‚‹ãžðŸ’Ÿ,nan,1,1,positive,0.0006543646776527856,-1.0003272194389339,-0.9996728547612811
2020-01-04,nan,"E de onde vem as ""normas""?",nan,0,0,positive,1.8351925401145763,-2.1916227359654954,-0.35643019585091906
2020-01-04,è¿‘ã€…è»¢ç”Ÿâž­ç‹¬æ–­ã¨åè¦‹ã§ä»²è‰¯ã„å¥´ã ã‘åž¢æ•™ãˆã‚‹, pic.twitter.com/2DJgOcomZ2,nan,0,0,positive,0.0006543646776527856,-1.0003272194389339,-0.9996728547612811
2020-01-04,è¿‘ã€…è»¢ç”Ÿâž­ç‹¬æ–­ã¨åè¦‹ã§ä»²è‰¯ã„å¥´ã ã‘åž¢æ•™ãˆã‚‹,ã‚ˆãèµ·ãã¦ã‚‰ã‚Œã‚‹ãªã‚¯ã‚½ãƒãƒŸãªãƒã‚ºãƒŸãƒ¼ãƒ©ãƒ³ãƒ‰ã ãž,nan,0,1,positive,0.0006543646776527856,-1.0003272194389339,-0.9996728547612811
2020-01-04,è¿‘ã€…è»¢ç”Ÿâž­ç‹¬æ–­ã¨åè¦‹ã§ä»²è‰¯ã„å¥´ã ã‘åž¢æ•™ãˆã‚‹,æ„›ã—ã¦ã‚‹ã‚ˆãƒ€ãƒ¼ãƒªãƒ³,nan,0,1,positive,0.0006543646776527856,-1.0003272194389339,-0.9996728547612811
2020-01-04,è¿‘ã€…è»¢ç”Ÿâž­ç‹¬æ–­ã¨åè¦‹ã§ä»²è‰¯ã„å¥´ã ã‘åž¢æ•™ãˆã‚‹,ãã‚Œã¯ãŠå¾—å¾—ã€…ã‚„ã‚“ãªðŸ¥°,nan,0,0,positive,0.0006543646776527856,-1.0003272194389339,-0.9996728547612811
2020-01-04,nan,E porque isso Ã© legÃ­timo?,nan,0,0,positive,0.2756344431976814,-1.144389909655123,-0.8687554664574417
2020-01-04,nan,"IrÃ£ Ã© fraco, sÃ³ o Sgt Baguncinha jÃ¡ dÃ¡ conta. Kogos Ã© apelaÃ§Ã£o kkkkkk",nan,0,0,positive,2.0613766998155683,-2.371236571101292,-0.3098598712857239
2020-01-04,è¿‘ã€…è»¢ç”Ÿâž­ç‹¬æ–­ã¨åè¦‹ã§ä»²è‰¯ã„å¥´ã ã‘åž¢æ•™ãˆã‚‹,ãƒ­ãƒƒã‚¯è§£é™¤ãŠã‚ã§ã¨ã†ã”ã–ã„ã¾ã™,nan,0,0,positive,0.0006543646776527856,-1.0003272194389339,-0.9996728547612811
2020-01-04,è¿‘ã€…è»¢ç”Ÿâž­ç‹¬æ–­ã¨åè¦‹ã§ä»²è‰¯ã„å¥´ã ã‘åž¢æ•™ãˆã‚‹,@kenzen_kenzen_k ã®ðŸ’—ðŸ’—ðŸ’—,nan,1,1,positive,0.0006543646776527856,-1.0003272194389339,-0.9996728547612811
2020-01-04,è¿‘ã€…è»¢ç”Ÿâž­ç‹¬æ–­ã¨åè¦‹ã§ä»²è‰¯ã„å¥´ã ã‘åž¢æ•™ãˆã‚‹,å‡ã£ã¦ã‚“ã˜ã‚ƒã­ãˆã‚ˆ,nan,0,0,positive,0.0006543646776527856,-1.0003272194389339,-0.9996728547612811
2020-01-04,è¿‘ã€…è»¢ç”Ÿâž­ç‹¬æ–­ã¨åè¦‹ã§ä»²è‰¯ã„å¥´ã ã‘åž¢æ•™ãˆã‚‹,ãŠ™ï¸æƒ…å ± ã‚¢ã‚«ã‚¦ãƒ³ãƒˆå–ã£ã¦ã‹ã‚‰éŠã‚“ã§2åž¢å‡çµã•ã›ãŸã‚‰é£›ã³ç«é£Ÿã‚‰ã£ã¦ã‚‹å¥´ãŒã„ã‚‹ã‚‰ã—ã„,nan,1,2,negative,-0.3889878156064368,-0.8185767160887565,-1.2075645316951933
2020-01-04,è¿‘ã€…è»¢ç”Ÿâž­ç‹¬æ–­ã¨åè¦‹ã§ä»²è‰¯ã„å¥´ã ã‘åž¢æ•™ãˆã‚‹,ãã‚Šã‚ƒãã†ã ã‚ˆãªã€ã„ã£ãã®äº‹è‚‰æ£’å…¥ã‚ŒãŸã‚‰ã©ã†ã ï¼Ÿ,nan,0,1,positive,0.0006543646776527856,-1.0003272194389339,-0.9996728547612811
